Фамилия,Имя,Отчество,Название организации,Телефон рабочий,Телефон личный
Войницкая,Маша,Вадимовна,"OOO ""Скороходы""",79321810021,70292318110
Травин,Владимир,Михаилович,"ОАО ""Импульс""",79817372426,77932724168
Биятов,Герасим,Евгеньевич,"ЗАО ""НефтьСтрой""",70120045275,70175254200
Шморгунов,Артём,Юриевич,"ЗАО ""Спартак""",79240785982,79982875042
Супрунов,Леонид,Олегович,"ЗАО ""НефтьСтрой""",76449970488,79744880946
Пурсанов,Дмитрий,Иванович,"ИП ""Анаконда""",76656324447,74647246536
Пурсанов,Дмитрий,Андреевич,"ИП ""Анаконда""",76656324447,74647246536
Колушекин,Павел,Адамович,"OAO ""РелизБизнес""",78514551068,74805658151
Витчинов,Федор,Денисович,"ООО ""РэйвПлюс""",74678271808,78274170688
Ягушин,Дмитрий,Фёдорович,"ОАО ""Импульс""",75573557625,73557675525
Коленцов,Константин,Василиевич,"OOO ""Скороходы""",75998624284,76294859284
Мусова,Карина,Василевна,"ОАО ""Импульс""",70174111430,73101471041
Широких,Карина,Эдуардовна,"OAO ""РелизБизнес""",77231959704,73719250947
Хмелюкова,Александра,Аркадьевна,"ЗАО ""ТойВорлд""",75951260956,72516909556
Щербинин,Станислав,Фёдорович,"ООО ""РэйвПлюс""",78549845144,74854198544
Шпанькова,Алена,Ивановна,"ИП ""Анаконда""",72085378774,75477380278
Тясцына,Анна,Максимовна,"ЗАО ""Спартак""",70229168487,70917848226
Морунин,Николай,Алексеевич,"ЗАО ""Спартак""",79205291778,78277520919
Хасамов,Евгений,Игоревич,"ООО ""РэйвПлюс""",72050395179,70912957305
Шемеманев,Семён,Алексиевич,"ООО ""РэйвПлюс""",71376695780,71076956783
Болтнева,Зинаида,Богдановна,"ИП ""Влесов А.Г.""",73204959344,74399043542
Митнева,Юлия,Викторовна,"ЗАО ""Спартак""",72995994378,79257983949
Парастаев,Валерий,Вадимович,"ЗАО ""НефтьСтрой""",77441468446,71646847444
Позов,Олег,Николаевич,"OAO ""РелизБизнес""",77006505155,75156075050
Зялин,Ярослав,Кириллович,"ИП ""Соколовский""",70627266445,76607256442
Бибичев,Иван,Юриевич,"ОАО ""Рубеж""",77952158840,75549781208
Пальцев,Степан,Антонович,"ИП ""Анаконда""",76020036157,70006521763
Сламатина,Елена,Валерьевна,"OOO ""Скороходы""",78823428174,74374821288
Маситина,Юлия,Дмитриевна,"ЗАО ""Спартак""",73629161872,73622189167
Каухов,Олег,Денисович,"ИП ""Соколовский""",71208701331,77231138100
Рахимулин,Яков,Михаилович,"ИП ""Соколовский""",73019151367,73171109356
Фафашкина,Алиса,Сергеевна,"ЗАО ""НефтьСтрой""",78197472137,77311948277
Кириличев,Семён,Алексеевич,"ИП ""Анаконда""",76095159506,71005966595
Ганышина,Мария,Максимовна,"ЗАО ""ТойВорлд""",73837188437,73738314887
Махонников,Геннадий,Сергеевич,"ОАО ""Рубеж""",76822823926,76682232892
Пекушкина,Галина,Алексеевна,"ИП ""Анаконда""",76154957216,77562114965
Живнякова,Лиза,Олеговна,"ОАО ""Импульс""",76836648031,76348166380
Гранков,Руслан,Алексиевич,"ЗАО ""ТойВорлд""",77222080096,72698020720
Евпсихеева,Евгения,Сергеевна,"ОАО ""Импульс""",76528348891,76238851489
Атрахимова,Алиса,Василевна,"OOO ""Скороходы""",71527224778,72128752774
Сугутин,Алексей,Юриевич,"ЗАО ""НефтьСтрой""",73671020925,70619223057
Канисева,Карина,Богдановна,"ООО ""Саншайн""",77136775271,73175761772
Козмиркова,Виктория,Валерьевна,"ИП ""Влесов А.Г.""",77442941881,77812449418
Разладина,Виктория,Никитична,"ОАО ""Импульс""",74334314037,71743434330
Васильков,Александр,Игоревич,"ОАО ""Рубеж""",78917275754,79577541287
Моринычев,Руслан,Георгиевич,"OAO ""РелизБизнес""",79347506836,74309537668
Белашков,Константин,Михаилович,"ЗАО ""ТойВорлд""",73434773556,76477333455
Лобоцкая,Клавдия,Никитична,"ИП ""Анаконда""",72864947432,79422678443
Галихина,Вера,Аркадьевна,"ИП ""Влесов А.Г.""",74957525883,74538958527
Чуваткин,Павел,Кириллович,"ИП ""Влесов А.Г.""",79337977842,74778793392
Данюкова,Мария,Аркадьевна,"ИП ""Влесов А.Г.""",76341699492,76144963929
Панчушкина,Наталия,Максимовна,"OAO ""РелизБизнес""",70640403950,73059404006
Хортова,Ксения,Егоровна,"ЗАО ""ТойВорлд""",72854198371,77283159481
Базанов,Алексей,Вадимович,"ИП ""Влесов А.Г.""",77337843471,77433717384
Чеснаков,Никита,Василиевич,"ОАО ""Импульс""",75062136230,71350206263
Кулабина,Карина,Андреевна,"ЗАО ""Спартак""",79652943148,74564928319
frfrfrf,rfrfrfr,rfrfrfrf,frrfrfrffr,frfrrffrrf,frfrfrrffr
444545,454545,4545454,545454,454545,45454
frfrfrfrf,r,fr,rfrfrf,rfrfrfr,frfrfrf
Остапенко,Никита,Андреевич,А+З==,акакак,каакак
акак,акаакак,акакакак,каакак,кааккаак,аккаак
frrf,fr,fr,fr,fr,frfrfr
frfr,f,rf,fr,fr,fr
frfr,frfr,fr,rf,fr,fr
frfrffr,rfrffrfr,frfrfrfr,frfrfrfrf,frrfrffr,rffrfrfr
frfrrffr,frfrfrfr,frfrfrrffr,frfrfrfr,frfrfrfr,rffrfrfrrf
